arr_port,pax
LHR,83044.0
MCO,66416.0
LAX,65760.0
LAS,65001.0
JFK,61825.0
CDG,60224.0
BKK,55489.0
MIA,54318.0
SFO,54155.0
DXB,51847.0
ORD,49630.0
FCO,41994.0
IST,40933.0
DFW,39680.0
CUN,39332.0
MAD,38560.0
BCN,38393.0
LGA,37811.0
ATL,37199.0
EWR,34479.0
BOS,33386.0
DEL,33082.0
SYD,31233.0
BOM,31181.0
MUC,30877.0
DEN,30509.0
MNL,30220.0
FRA,29796.0
HKG,29793.0
ORY,29637.0
SEA,29454.0
FLL,29061.0
TXL,28535.0
AMS,28410.0
PHX,27903.0
DCA,27088.0
IAH,26177.0
MEX,26116.0
JED,25243.0
PVG,24824.0
YYZ,24330.0
VIE,23814.0
LIS,23326.0
SIN,23250.0
CAI,22888.0
HNL,22549.0
ATH,22363.0
MEL,22231.0
PEK,22190.0
SAN,22134.0
JNB,22091.0
BOG,21478.0
PHL,20680.0
ARN,20352.0
TPA,20128.0
SVO,19841.0
BRU,19505.0
ZRH,18860.0
LIM,18743.0
MSP,18660.0
TLV,18653.0
CPH,18281.0
BNE,18125.0
RUH,18050.0
IAD,17871.0
ICN,17378.0
DUS,17060.0
KUL,16904.0
DTW,16547.0
OSL,15911.0
MXP,15805.0
CLT,15745.0
NRT,15427.0
YVR,14906.0
LED,14795.0
MSY,14781.0
CPT,14723.0
HAM,14612.0
PUJ,13939.0
AKL,13905.0
MAA,13898.0
NCE,13859.0
GVA,13647.0
TPE,13444.0
YUL,13153.0
PRG,13101.0
LIN,13084.0
PMI,13009.0
HKT,13002.0
TUN,12918.0
GRU,12861.0
SJU,12857.0
DME,12648.0
BWI,12645.0
SLC,12640.0
BLR,12591.0
PER,12371.0
DUB,12119.0
DPS,11959.0
SGN,11893.0
STL,11886.0
PDX,11698.0
DAC,11603.0
RSW,11554.0
AMM,11462.0
VCE,11237.0
HEL,11115.0
DOH,11053.0
MRU,11047.0
CMN,10970.0
CAN,10930.0
SCL,10897.0
RDU,10813.0
AUS,10753.0
AGP,10712.0
HYD,10603.0
CMB,10519.0
EZE,10511.0
WAW,10511.0
BEY,10203.0
SAT,10059.0
CGK,10004.0
ALG,9876.0
MBJ,9788.0
BUD,9775.0
COK,9764.0
PIT,9727.0
GIG,9693.0
SNA,9693.0
MCI,9278.0
YYC,9195.0
MRS,8994.0
MAN,8870.0
OGG,8480.0
BNA,8405.0
PBI,8359.0
CCU,8355.0
NBO,8122.0
UIO,8005.0
LYS,7997.0
AUH,7922.0
KBP,7874.0
LGW,7861.0
SJC,7769.0
IND,7711.0
ISB,7642.0
TLS,7595.0
GDL,7566.0
AEP,7407.0
OTP,7380.0
PTY,7363.0
CCS,7259.0
SDQ,7247.0
USM,7225.0
JAX,7178.0
ADL,7078.0
SJO,7078.0
CMH,7015.0
CLE,6950.0
STR,6907.0
KWI,6840.0
LCY,6797.0
CTA,6767.0
MKE,6753.0
LHE,6703.0
SJD,6653.0
MLA,6644.0
DMM,6598.0
HAV,6453.0
DUR,6430.0
GYE,6359.0
KOA,6235.0
NAS,6217.0
TRV,6199.0
MDE,6097.0
KTM,6033.0
CTG,6016.0
OPO,5980.0
MCT,5959.0
CVG,5946.0
BLQ,5869.0
PVR,5852.0
MEM,5825.0
BDL,5780.0
BGO,5723.0
SMF,5675.0
CCJ,5643.0
AUA,5629.0
CLO,5574.0
TFN,5498.0
ADD,5490.0
LPA,5381.0
KEF,5377.0
BAH,5349.0
FLR,5269.0
BEG,5176.0
CHC,5028.0
SAL,5009.0
MLE,4999.0
CGN,4940.0
EDI,4868.0
VLC,4847.0
AYT,4835.0
AMD,4809.0
SKG,4779.0
GOT,4714.0
HAN,4654.0
LIH,4613.0
SOF,4605.0
RAK,4600.0
ANC,4592.0
SVG,4585.0
KHI,4571.0
HAJ,4511.0
BUF,4459.0
YEG,4440.0
KIX,4412.0
BIO,4384.0
LOS,4371.0
OKC,4370.0
BOD,4302.0
MTY,4291.0
PTP,4254.0
DKR,4222.0
LCA,4221.0
ALA,4217.0
CBR,4205.0
SDF,4187.0
CUR,4164.0
ORF,4160.0
NAP,4144.0
GUA,4128.0
BHX,4091.0
CNX,4071.0
RIX,4041.0
RIC,4040.0
VKO,4024.0
ABQ,4016.0
PSP,3881.0
CHS,3873.0
OMA,3843.0
SAV,3806.0
TUS,3798.0
KRK,3760.0
WLG,3708.0
RGN,3703.0
CUZ,3642.0
PMO,3604.0
YOW,3600.0
ACC,3583.0
GEG,3528.0
AER,3486.0
GOI,3446.0
HOU,3441.0
NAN,3431.0
ABZ,3426.0
HER,3396.0
FDF,3395.0
RNO,3388.0
STT,3378.0
ZAG,3364.0
LKO,3352.0
MDW,3340.0
LAD,3336.0
GLA,3333.0
PVD,3266.0
DAR,3257.0
ESB,3191.0
CNS,3178.0
BAQ,3174.0
OAK,3155.0
POS,3153.0
CGH,3138.0
PLZ,3110.0
GSO,3094.0
IBZ,3080.0
MED,3056.0
DAY,3052.0
HND,3050.0
PNS,3043.0
FNC,3037.0
MGA,3032.0
BOI,3013.0
TBS,2993.0
KRT,2973.0
LIT,2952.0
RUN,2925.0
LUX,2918.0
ELP,2918.0
GRR,2875.0
DSM,2874.0
IKA,2870.0
TSE,2861.0
ROC,2849.0
ONT,2831.0
HBE,2824.0
ADB,2822.0
SYR,2818.0
NUE,2805.0
TRD,2805.0
ADZ,2802.0
MYR,2802.0
BGI,2792.0
CEB,2782.0
ROV,2765.0
KRR,2759.0
ORN,2743.0
BHM,2739.0
TIP,2690.0
KIN,2642.0
TUL,2614.0
ALC,2611.0
MBA,2593.0
TRN,2588.0
GYD,2588.0
YHZ,2587.0
BMA,2574.0
SUF,2573.0
KBV,2571.0
SXM,2557.0
COS,2554.0
SVQ,2553.0
PPT,2529.0
YWG,2525.0
SDU,2514.0
FAO,2504.0
SEZ,2486.0
CTS,2484.0
BRI,2480.0
ABJ,2420.0
MSQ,2415.0
GSP,2411.0
EBB,2408.0
NTE,2386.0
GUM,2371.0
PAP,2367.0
TLL,2366.0
TIA,2334.0
MSN,2328.0
MDT,2321.0
ATQ,2306.0
CAE,2297.0
GDN,2259.0
MVD,2252.0
PNQ,2249.0
EVN,2245.0
SAW,2244.0
XNA,2237.0
TFS,2231.0
SVX,2228.0
USH,2217.0
UVF,2209.0
MFM,2197.0
ALB,2192.0
ANU,2185.0
SRQ,2170.0
OOL,2167.0
KIV,2165.0
CNF,2162.0
IGR,2152.0
TAO,2149.0
SSH,2149.0
BUR,2136.0
TYS,2111.0
HBA,2111.0
PWM,2069.0
SIP,2063.0
PMV,2062.0
KTA,2060.0
CAG,2055.0
SMR,2037.0
SXB,2033.0
JAI,2028.0
PLS,2027.0
NCL,2013.0
ICT,2013.0
IGU,2004.0
SJJ,1995.0
PNH,1989.0
BJX,1984.0
LGB,1979.0
POA,1973.0
BSB,1967.0
BLL,1954.0
GCM,1950.0
SSA,1950.0
BGA,1943.0
GEO,1939.0
LIR,1923.0
BSL,1904.0
RHO,1896.0
VVI,1886.0
PUS,1886.0
IXE,1878.0
ODS,1862.0
HRE,1849.0
COR,1840.0
NGO,1839.0
ABV,1831.0
BRE,1817.0
VRN,1812.0
HSV,1793.0
CCP,1781.0
VNO,1781.0
FAI,1770.0
MDZ,1756.0
JTR,1746.0
EYW,1732.0
XMN,1727.0
MHT,1718.0
AHB,1712.0
GOA,1703.0
PEI,1696.0
MRV,1689.0
FUE,1681.0
DJE,1681.0
PDL,1676.0
CZL,1663.0
KUF,1647.0
TOS,1629.0
DBV,1628.0
CZM,1623.0
CTU,1621.0
ZQN,1607.0
HGH,1595.0
PEW,1594.0
AAQ,1594.0
PEN,1591.0
MPM,1580.0
AQP,1580.0
SHA,1546.0
ANF,1543.0
ASU,1540.0
OVB,1535.0
ACE,1524.0
CAK,1517.0
XPG,1511.0
SPU,1510.0
LUN,1509.0
KBL,1509.0
HPN,1499.0
CJC,1498.0
BRC,1494.0
TAS,1494.0
GMP,1492.0
MMX,1487.0
BTR,1483.0
DRW,1474.0
VPS,1467.0
BZN,1461.0
YQB,1459.0
KHH,1452.0
BDA,1450.0
BZE,1441.0
VVO,1436.0
GPT,1432.0
DAB,1429.0
AGA,1427.0
JAN,1422.0
TGU,1414.0
BTV,1410.0
SZX,1409.0
LJU,1406.0
AJA,1402.0
ZNE,1393.0
FAT,1389.0
BOO,1387.0
WDH,1377.0
IDR,1375.0
PBM,1372.0
IXC,1372.0
TNR,1371.0
FOC,1369.0
WRO,1363.0
FAY,1362.0
STI,1362.0
PRN,1355.0
SAP,1353.0
TLH,1351.0
PAT,1347.0
VNS,1343.0
DRS,1337.0
TGD,1336.0
SKP,1328.0
BLA,1324.0
GAU,1321.0
POM,1314.0
BHD,1311.0
YQR,1299.0
SZG,1299.0
DAL,1297.0
LPB,1293.0
TUU,1290.0
BEN,1288.0
RPR,1286.0
OUD,1285.0
TSV,1283.0
NOU,1279.0
YLW,1277.0
BDS,1276.0
ELS,1271.0
PZO,1271.0
JAC,1270.0
SLA,1264.0
VGO,1258.0
IEV,1257.0
PMC,1253.0
JRO,1250.0
FSD,1249.0
REP,1239.0
OLB,1232.0
YTZ,1230.0
BUQ,1218.0
ZYL,1217.0
BKI,1208.0
YYJ,1204.0
SNN,1197.0
SBA,1193.0
CGP,1192.0
VAR,1188.0
TAB,1177.0
YYT,1172.0
ILM,1167.0
SGF,1154.0
DLC,1147.0
BGW,1141.0
NKG,1138.0
BES,1135.0
HRG,1134.0
VTZ,1129.0
FPO,1122.0
KHV,1121.0
PIU,1120.0
PSC,1120.0
DUD,1112.0
MAR,1109.0
MPL,1109.0
SHE,1106.0
BIQ,1094.0
CKY,1094.0
LCG,1092.0
FRU,1074.0
DLA,1073.0
LIL,1072.0
BIL,1063.0
TRU,1061.0
AMA,1061.0
CUC,1060.0
BKO,1053.0
FTE,1047.0
PHE,1045.0
UDR,1039.0
TIJ,1038.0
KJA,1038.0
BJV,1014.0
DOK,1003.0
CUU,1000.0
KMG,996.0
VER,995.0
CHQ,993.0
MTR,993.0
BZV,991.0
IXB,989.0
LEJ,985.0
LEX,982.0
SAH,981.0
KGL,979.0
CPO,969.0
ROA,966.0
CJB,963.0
HMO,962.0
VSA,958.0
RAP,957.0
COO,956.0
CWB,955.0
PHF,951.0
RAJ,948.0
GIZ,948.0
FLN,945.0
JER,945.0
REC,944.0
MOB,942.0
ASE,940.0
ZYR,938.0
ITO,937.0
CHA,935.0
ULN,935.0
IQT,933.0
OVD,933.0
ECP,932.0
VTE,931.0
GRX,928.0
ZNZ,927.0
FIH,923.0
CUE,919.0
MAH,918.0
MFE,916.0
RBA,915.0
EAM,911.0
ADA,911.0
MYY,908.0
YMM,907.0
PUF,906.0
IQQ,901.0
LBV,898.0
NAT,889.0
LWO,885.0
NAG,884.0
EBL,882.0
GLT,881.0
POZ,878.0
KRS,878.0
BRS,877.0
CEK,873.0
MID,871.0
MJT,870.0
KGD,870.0
LLW,870.0
TIV,867.0
BIA,858.0
BJM,857.0
UFA,857.0
HLA,856.0
YXE,856.0
REG,856.0
PSA,855.0
JMK,848.0
FSC,847.0
MIR,844.0
OUA,844.0
EUG,843.0
NSI,838.0
SUB,834.0
MAO,834.0
PUQ,833.0
AVL,832.0
TRZ,832.0
ABE,831.0
LFT,828.0
TSR,828.0
CRW,827.0
CKG,826.0
SFA,824.0
ITM,823.0
SDK,822.0
MZT,821.0
CHO,816.0
CGO,813.0
MLB,812.0
ZIH,810.0
SPC,809.0
CRP,809.0
MLI,807.0
FOR,806.0
FUK,804.0
CID,802.0
IXM,798.0
VIX,798.0
SHV,794.0
RAI,790.0
SLL,790.0
MSU,789.0
GRB,789.0
BBI,788.0
SID,787.0
KKC,785.0
HAU,785.0
MMK,784.0
PBO,781.0
VAA,780.0
GRK,779.0
DED,776.0
SLP,775.0
LBB,774.0
KRN,771.0
IXU,769.0
JUB,768.0
GPS,766.0
FWA,760.0
SHJ,759.0
GRJ,757.0
PHC,756.0
AGU,755.0
PNR,753.0
PSO,745.0
BHO,743.0
TRS,740.0
DAD,739.0
TSA,738.0
AAL,737.0
APW,736.0
CLJ,735.0
MKY,734.0
XIY,731.0
AAE,731.0
MAF,729.0
BRM,721.0
GUW,721.0
ATW,720.0
VFA,720.0
AHO,719.0
KZN,719.0
BSR,716.0
BJA,716.0
FAR,713.0
TJM,713.0
EGE,706.0
WNZ,705.0
LBA,704.0
OMS,702.0
AES,699.0
UME,696.0
AEX,692.0
KCH,689.0
HAS,685.0
LGK,684.0
OAX,677.0
XRY,672.0
GRZ,670.0
SMS,670.0
BIS,665.0
TNG,660.0
MFR,658.0
GBE,657.0
ACA,657.0
BJL,657.0
TLN,655.0
NNG,655.0
AVP,653.0
DRO,652.0
IXZ,648.0
GNV,647.0
CEI,646.0
BDQ,644.0
GOJ,640.0
VLN,639.0
TUC,638.0
LLA,636.0
CRD,635.0
GJT,633.0
GYN,631.0
TLM,631.0
IAS,628.0
MRY,627.0
KGI,626.0
PKC,626.0
LAN,625.0
TRF,622.0
IPC,619.0
MHD,615.0
AGS,613.0
NKC,612.0
JDH,610.0
BMI,607.0
SXR,606.0
FNA,599.0
CIX,598.0
QRO,597.0
ASP,595.0
POP,593.0
DLM,592.0
BHJ,589.0
CFE,588.0
RMA,587.0
CGQ,582.0
BFN,580.0
VRA,578.0
CFU,577.0
PIA,575.0
LPQ,574.0
SBZ,573.0
SKT,573.0
TGZ,572.0
BQN,572.0
ZWS,567.0
RVN,567.0
RST,566.0
OUL,565.0
SSG,563.0
ARH,559.0
TKU,559.0
OZZ,558.0
PEE,558.0
MQP,557.0
TIF,557.0
IXR,556.0
ADE,552.0
EYP,551.0
UUS,550.0
ECN,549.0
DNK,548.0
LNK,548.0
RAR,547.0
BGR,545.0
AXM,545.0
QSF,544.0
WUH,544.0
YYG,542.0
MLH,542.0
CUL,542.0
OAJ,541.0
SFJ,540.0
MOT,538.0
SKB,535.0
SCO,534.0
SBN,533.0
CJS,532.0
AJF,531.0
MSO,530.0
RTM,530.0
ORK,527.0
VDE,527.0
BME,527.0
TER,525.0
HHH,523.0
RNS,522.0
VLI,522.0
NLA,521.0
IKT,518.0
ISA,514.0
EIS,514.0
EVV,512.0
HDY,511.0
YQT,510.0
DIY,507.0
ISP,504.0
BON,503.0
QKL,502.0
YQM,502.0
VOG,501.0
DZA,500.0
IMF,497.0
PMR,495.0
ROK,495.0
SOU,493.0
NTL,491.0
LXR,491.0
MOV,490.0
RTB,489.0
SXF,489.0
YNB,481.0
LGQ,477.0
KIM,476.0
MGM,475.0
AAR,475.0
MUN,473.0
LSC,472.0
NVA,472.0
JNU,472.0
BFL,471.0
CAY,470.0
ZCO,469.0
NIM,468.0
KIS,468.0
FNT,468.0
TRC,467.0
BNS,463.0
GCI,463.0
FMO,463.0
ASW,461.0
FBM,459.0
LVI,458.0
TPP,458.0
RCH,456.0
GND,456.0
ARI,456.0
ZLO,455.0
NQN,451.0
PUY,450.0
KGS,450.0
MUB,447.0
MWZ,446.0
INN,442.0
TCQ,441.0
KSU,438.0
OKA,437.0
YXU,435.0
TRI,434.0
SBW,434.0
LEI,432.0
JKH,428.0
DLH,426.0
YFC,423.0
LNZ,422.0
TET,421.0
CFS,420.0
SBH,419.0
DVO,418.0
KSC,417.0
CSX,417.0
ELQ,416.0
KTW,408.0
GTF,406.0
AZO,405.0
SDR,404.0
TVC,403.0
UKK,403.0
JUL,401.0
SLW,401.0
TAM,400.0
NJF,399.0
HRB,398.0
DYU,397.0
MLN,396.0
ELM,396.0
RDM,394.0
MEC,394.0
TLC,393.0
TIR,391.0
YNT,391.0
LDB,389.0
BRO,388.0
HTI,388.0
CME,387.0
EMD,384.0
IBE,383.0
UBP,383.0
ROB,381.0
ADQ,381.0
VXE,381.0
CPE,381.0
TMP,380.0
YUM,377.0
BWN,376.0
GET,376.0
POL,376.0
AXU,375.0
TBP,375.0
LST,374.0
BHI,374.0
DGO,373.0
ETH,371.0
LYR,368.0
NUX,365.0
DHN,365.0
BJR,364.0
RZE,364.0
MLU,364.0
YNJ,363.0
CPR,362.0
LTN,362.0
IXS,362.0
KBR,361.0
ITH,361.0
MRA,360.0
OCC,359.0
ROT,358.0
CPC,357.0
ASR,357.0
SDL,357.0
LAE,355.0
NPE,355.0
NPL,354.0
LBU,354.0
IVL,352.0
VUP,352.0
NBC,351.0
LFW,351.0
PDP,350.0
TNA,350.0
FLO,348.0
SCE,344.0
RKT,344.0
TSN,342.0
STX,341.0
EJA,338.0
EAS,337.0
IXL,337.0
HFT,336.0
FRO,336.0
YQQ,336.0
STN,335.0
BHE,333.0
XER,330.0
PEM,326.0
NDJ,326.0
SCU,326.0
JUJ,324.0
AJL,323.0
SEB,323.0
YQU,323.0
FLG,322.0
BET,322.0
SYX,321.0
CJU,321.0
HRL,321.0
XFW,319.0
GFK,317.0
PAZ,316.0
GGT,316.0
YXJ,316.0
CSG,315.0
CIT,315.0
NWI,315.0
SPN,315.0
EWN,314.0
SMI,314.0
JIB,313.0
SAF,312.0
YXS,312.0
BEL,312.0
EOH,312.0
HGU,310.0
MZL,310.0
STD,310.0
YCD,309.0
ASF,308.0
CRK,307.0
UTH,306.0
HME,306.0
GZT,305.0
MUX,305.0
KKN,305.0
TOF,302.0
ABS,301.0
PLQ,300.0
BHH,298.0
PQQ,297.0
VIL,296.0
HDN,296.0
EVE,294.0
KTT,294.0
ALH,293.0
TWU,292.0
KUO,292.0
NJC,292.0
IXA,292.0
SWF,292.0
INV,291.0
LEA,291.0
LOP,289.0
AKX,288.0
VLD,287.0
BUS,285.0
RNB,285.0
MQX,285.0
VGA,284.0
MLM,284.0
SGC,283.0
SBP,282.0
IXJ,281.0
BPS,281.0
PGF,281.0
YZF,280.0
ABT,280.0
DIB,280.0
SLZ,280.0
ABX,279.0
LYH,278.0
SCN,278.0
PIX,277.0
ERI,275.0
VCP,275.0
FSM,275.0
KTN,274.0
BGM,273.0
QQS,271.0
SFT,270.0
REX,270.0
ISU,269.0
CWA,269.0
CLY,268.0
VBY,267.0
BTU,265.0
TZX,265.0
AGH,264.0
PPG,263.0
ILO,263.0
CJA,263.0
ATZ,261.0
JHM,261.0
AXD,261.0
KZO,260.0
CGY,259.0
KAO,256.0
LXS,256.0
WGA,256.0
PSS,256.0
ASM,255.0
URT,255.0
LNY,254.0
TPS,254.0
ISN,253.0
BCD,253.0
NDR,252.0
TAP,252.0
BOB,251.0
MAM,251.0
CGR,250.0
UTN,250.0
SDD,249.0
PAD,249.0
RYK,248.0
NOZ,248.0
WEH,247.0
UAQ,247.0
LSP,247.0
CEN,247.0
FRS,247.0
MTT,244.0
UDI,244.0
LPI,243.0
YYD,243.0
KEJ,242.0
YIW,242.0
TCO,242.0
PFO,241.0
YSB,241.0
PNA,241.0
ASB,239.0
KNX,239.0
CMI,236.0
MTJ,236.0
MDQ,235.0
JJN,235.0
HAH,235.0
JGA,233.0
BNN,233.0
SVD,232.0
IDA,232.0
VVC,231.0
NLK,230.0
NGB,230.0
CWL,228.0
DMU,228.0
SYZ,228.0
RJA,228.0
HMB,227.0
HIR,227.0
LAO,226.0
SCQ,225.0
LRM,224.0
MQM,223.0
MCY,222.0
FEZ,222.0
MOL,221.0
HRK,221.0
LCH,220.0
BOJ,220.0
GDZ,220.0
RAO,219.0
AQJ,219.0
HLZ,219.0
GWT,218.0
MGQ,218.0
LAW,218.0
SDE,217.0
ROR,216.0
SFG,216.0
FDH,215.0
LRD,214.0
MQL,213.0
NSN,212.0
WRE,212.0
WVB,211.0
CLL,211.0
KWL,210.0
MOQ,209.0
APL,209.0
KVA,209.0
COU,209.0
LRT,209.0
XMB,208.0
BHU,208.0
MES,207.0
MQN,207.0
RGI,207.0
YDF,207.0
SJT,206.0
BBA,206.0
TYR,204.0
KLU,203.0
YSJ,202.0
TOL,202.0
SUV,202.0
YKA,201.0
AZA,201.0
BSK,201.0
XNB,201.0
IVC,201.0
GIS,200.0
KDV,200.0
FAE,200.0
BLI,200.0
RAE,200.0
UGC,200.0
LDE,200.0
UTT,199.0
PCL,198.0
RGL,197.0
OME,197.0
BFS,197.0
LBD,196.0
AOI,193.0
RES,193.0
TLE,193.0
AFA,193.0
DGT,192.0
LDU,191.0
MBS,191.0
USN,190.0
VPY,189.0
KHG,189.0
PXO,189.0
HTY,188.0
ELH,186.0
SIT,186.0
SBY,186.0
REL,186.0
LAP,186.0
FCA,184.0
ACK,182.0
IUE,180.0
IMP,180.0
URC,179.0
XYD,179.0
BDB,178.0
MTS,178.0
MXL,178.0
DPO,177.0
DMS,177.0
YXX,176.0
SZZ,175.0
URY,175.0
LSE,175.0
ETZ,175.0
TRG,174.0
CGB,174.0
TOE,173.0
PKZ,173.0
HUY,173.0
ACY,173.0
STW,173.0
BGY,172.0
MME,171.0
SCW,171.0
HIJ,169.0
OSD,169.0
MGB,169.0
RCB,168.0
URA,168.0
UUD,167.0
HOV,167.0
ACT,167.0
PPP,166.0
BVC,166.0
GZP,166.0
PWQ,165.0
MHK,164.0
SGU,164.0
GIB,163.0
KUA,162.0
EDL,162.0
EXT,161.0
ENA,161.0
YQX,161.0
YAM,160.0
RKS,160.0
TMM,160.0
FKB,159.0
PRI,158.0
FRW,158.0
LSI,158.0
LKN,157.0
LMP,157.0
PZB,157.0
VOZ,156.0
YYB,155.0
YXY,155.0
TRW,154.0
ALF,154.0
PLO,154.0
JHB,154.0
DNZ,153.0
HLN,151.0
SNU,151.0
BTM,150.0
HVB,150.0
IOM,150.0
OGZ,150.0
KME,150.0
THE,149.0
DIR,149.0
DBO,149.0
KLO,149.0
KGF,148.0
CAB,148.0
SRG,147.0
LET,147.0
VIG,146.0
EAT,146.0
YQG,146.0
RMI,146.0
DIK,145.0
SON,144.0
ESM,142.0
ANR,142.0
LYP,142.0
TMW,141.0
CBQ,141.0
SWA,140.0
LMM,140.0
NVT,140.0
ARK,139.0
XDB,139.0
VII,139.0
ABI,138.0
PIH,137.0
SFL,137.0
PGV,137.0
OMR,137.0
SRE,136.0
PPN,136.0
MPH,136.0
ZCL,136.0
UEL,135.0
ULV,135.0
SPI,135.0
BLZ,135.0
ACV,135.0
EPR,135.0
GTR,134.0
PLU,134.0
YGK,134.0
GOV,134.0
REN,134.0
BKG,133.0
HAK,132.0
TAC,132.0
CNQ,132.0
MAG,131.0
MDC,131.0
DOM,131.0
HVN,130.0
BEW,130.0
YXT,130.0
MQF,130.0
DTM,130.0
KOK,130.0
LTO,129.0
WUX,129.0
EMA,128.0
SJP,128.0
RIY,128.0
WLS,128.0
YTS,128.0
YBL,127.0
FTU,127.0
CBT,127.0
SKD,127.0
ARM,127.0
LBS,126.0
AZR,126.0
MKK,126.0
MCZ,125.0
OER,124.0
ROS,124.0
TTN,123.0
NOS,123.0
HFE,123.0
BNK,123.0
ENU,123.0
HTS,122.0
STS,121.0
GEV,121.0
HJR,121.0
SPS,120.0
GES,120.0
BLJ,120.0
DEA,120.0
RFP,119.0
SLY,119.0
KWE,119.0
HTA,119.0
PXM,118.0
AHU,118.0
ROW,118.0
LPL,118.0
IOA,118.0
IPT,117.0
TXK,117.0
NHA,116.0
HLM,114.0
OSM,114.0
QOW,112.0
AJU,112.0
RYG,112.0
YYF,112.0
HUX,112.0
TMS,112.0
VQS,112.0
GKA,111.0
BDU,110.0
YQY,110.0
UIP,110.0
BBK,110.0
YVO,110.0
MYW,109.0
PNL,109.0
TUO,108.0
SSJ,108.0
LZH,108.0
SFN,108.0
BAX,108.0
YWK,108.0
ZFV,108.0
ETR,107.0
OND,107.0
LOH,106.0
MJF,105.0
WYA,105.0
OLP,104.0
MOZ,104.0
INH,104.0
SKN,103.0
ZBF,103.0
MJV,103.0
JKG,103.0
RMQ,103.0
BRW,102.0
ASO,102.0
BDO,102.0
OSS,102.0
SZF,101.0
KHS,101.0
CFR,101.0
NMA,100.0
AKN,100.0
TAI,99.0
MMO,99.0
TDD,99.0
ANX,99.0
IOS,99.0
FMA,98.0
GCC,97.0
CRL,96.0
VNX,96.0
SNR,96.0
BQS,96.0
HOG,96.0
KSD,96.0
MHH,96.0
MQT,96.0
WEI,95.0
MAB,94.0
GOP,94.0
MLO,94.0
OAG,94.0
KAJ,94.0
HAD,94.0
TVU,94.0
PAS,92.0
TAY,92.0
LWB,92.0
KAN,92.0
OZH,92.0
BBO,92.0
DIU,91.0
SHW,91.0
AOK,91.0
AGT,90.0
ISG,90.0
SJZ,90.0
MAU,90.0
RNN,90.0
SVJ,90.0
PDG,90.0
GHA,88.0
VAN,86.0
KWJ,86.0
CMX,86.0
ABA,85.0
CYS,85.0
FDE,85.0
UIB,85.0
ZAL,85.0
JOE,85.0
ZAD,85.0
VDS,84.0
YKS,84.0
OTZ,84.0
DUT,84.0
MDG,84.0
HID,83.0
HDS,83.0
ZBL,83.0
PBC,83.0
BQK,83.0
GUC,83.0
QYG,82.0
PQI,82.0
WHK,82.0
BHV,82.0
ABY,82.0
TAE,82.0
EAR,82.0
DAM,82.0
KEM,82.0
GDQ,81.0
UKS,81.0
KOI,81.0
MVY,81.0
FMN,81.0
MCP,81.0
VAI,81.0
YHM,81.0
XDS,81.0
HOR,78.0
KYA,77.0
MHQ,77.0
PHW,76.0
LZC,76.0
GXF,76.0
CBO,76.0
INI,76.0
TBU,76.0
PTG,75.0
GRI,75.0
DIL,75.0
KHN,75.0
KLR,74.0
UET,74.0
CLQ,74.0
RGA,74.0
KOJ,74.0
LUQ,74.0
AGX,74.0
JLN,74.0
WAE,73.0
CLD,73.0
NAL,73.0
LAQ,73.0
SHR,73.0
LUO,73.0
JAL,72.0
KOE,72.0
VRK,72.0
LOK,72.0
LFR,72.0
TAK,72.0
PVK,72.0
TEE,72.0
LIG,72.0
ZAM,72.0
KVG,72.0
SMA,72.0
EFL,72.0
VXO,70.0
OTH,68.0
NCU,68.0
RRS,67.0
QRW,67.0
JRH,67.0
SOG,67.0
NBE,67.0
BIM,67.0
PNI,66.0
NLD,66.0
ZOS,66.0
ART,66.0
BHQ,65.0
BHK,65.0
PKE,65.0
BRD,65.0
SUN,65.0
LAI,65.0
LPT,64.0
SUX,64.0
HUH,64.0
GFF,64.0
CBH,63.0
NGS,63.0
WYS,63.0
PLN,63.0
YKF,63.0
JLR,63.0
LHW,63.0
CKS,63.0
LEB,63.0
HGA,63.0
CBB,63.0
JPA,63.0
NAV,63.0
GUR,63.0
GNY,63.0
BHB,63.0
LWS,63.0
SUJ,63.0
CVM,63.0
TEX,63.0
ALW,62.0
LMT,60.0
KNS,60.0
VSG,60.0
NAO,60.0
RAB,60.0
LDH,59.0
BGF,59.0
SVP,58.0
ESC,58.0
TWF,58.0
BHY,58.0
MZH,58.0
CEG,58.0
KGC,58.0
AJR,58.0
PPS,58.0
MVR,58.0
WAG,58.0
PVH,57.0
MOD,57.0
CIC,57.0
APO,57.0
YYR,57.0
TBN,56.0
CFK,56.0
BPT,56.0
AQI,56.0
NVK,56.0
BPN,56.0
BCM,56.0
AGF,56.0
YCG,56.0
LEH,56.0
TEB,56.0
VHC,56.0
TJU,56.0
DBQ,56.0
ELU,55.0
PUU,55.0
VLL,55.0
TGG,55.0
AOE,55.0
SRP,55.0
KSY,54.0
GRO,54.0
GRW,54.0
CIY,54.0
LRS,54.0
PSE,54.0
CYB,54.0
HOD,54.0
YXC,54.0
DCM,54.0
DGE,54.0
KRO,54.0
KRP,54.0
MBI,54.0
GOH,54.0
NVI,54.0
SVB,54.0
MYA,54.0
JYV,54.0
DWC,54.0
VCS,54.0
JHG,54.0
POR,54.0
DLG,54.0
TBZ,54.0
HKK,54.0
AMH,54.0
GDX,54.0
SCY,54.0
TYN,54.0
JOI,54.0
ILG,54.0
ZDH,52.0
NDG,52.0
WSZ,50.0
LWY,50.0
LTX,49.0
OBO,48.0
LXA,48.0
YVP,48.0
PMW,48.0
PIB,48.0
BYC,48.0
YCB,47.0
EUN,47.0
AGR,47.0
BVE,47.0
YYE,47.0
EGO,47.0
RUT,47.0
TIN,47.0
SGD,47.0
PBD,47.0
YKM,47.0
SKE,47.0
YKQ,47.0
TKG,46.0
RIW,46.0
PIR,46.0
SDY,46.0
MRZ,46.0
YZV,45.0
ZAZ,45.0
PNP,45.0
KVD,45.0
BKZ,45.0
KSH,45.0
USK,45.0
MYD,45.0
LGP,45.0
JZH,45.0
RDZ,45.0
YFB,45.0
RGK,45.0
RHI,45.0
CGI,45.0
YLL,45.0
STV,45.0
MLX,45.0
GST,45.0
HMA,45.0
TUK,45.0
NZH,45.0
ZTH,45.0
CZE,45.0
NQY,44.0
AZS,44.0
JST,42.0
SVU,40.0
ZVE,40.0
CTM,40.0
LCE,40.0
HUI,40.0
IFO,40.0
THR,40.0
TOD,40.0
YJE,40.0
MUR,40.0
YTM,40.0
ZUH,39.0
ZIG,39.0
BNI,39.0
IYK,38.0
YQD,38.0
KID,38.0
GMZ,38.0
DEC,38.0
JIJ,38.0
VPE,38.0
EAU,38.0
LYC,38.0
MCW,38.0
DRT,38.0
XJN,38.0
PMY,38.0
RBQ,38.0
RAH,37.0
CAL,37.0
LRH,37.0
MCX,37.0
ABB,37.0
HKN,37.0
PHO,36.0
YTH,36.0
TUP,36.0
XAP,36.0
MAS,36.0
RSH,36.0
FEG,36.0
FEN,36.0
KIT,36.0
NNY,36.0
GMB,36.0
ALS,36.0
IMT,36.0
BBB,36.0
YMN,36.0
BJZ,36.0
LTK,36.0
GLN,36.0
LMN,36.0
LLI,36.0
CMW,36.0
GGA,36.0
SYY,36.0
AZN,36.0
CND,36.0
BAY,36.0
BRN,36.0
KLV,36.0
AJI,36.0
MHC,36.0
PKB,36.0
BZG,36.0
TJA,36.0
PKU,36.0
LAU,36.0
PLM,36.0
KZS,36.0
VDZ,36.0
XKH,36.0
PIS,36.0
JKL,36.0
TKQ,36.0
JTY,36.0
DQA,36.0
ACI,36.0
TIH,36.0
NOV,36.0
HEA,36.0
KSA,36.0
ZFQ,36.0
THS,36.0
GAY,32.0
SHC,30.0
TDX,30.0
TFF,30.0
HIN,30.0
BVB,30.0
KSM,30.0
IXD,29.0
TPQ,29.0
GTE,29.0
KNU,29.0
LJG,29.0
YXH,29.0
RVK,29.0
AOR,29.0
KCM,28.0
YQZ,28.0
EBJ,28.0
SZB,28.0
INL,28.0
PUW,28.0
TCB,28.0
MEH,28.0
PAH,28.0
YBG,28.0
ZWE,27.0
BHS,27.0
XCH,27.0
YTY,27.0
XMS,27.0
YRT,27.0
WIC,27.0
YCO,27.0
BWT,27.0
TBW,27.0
TOY,27.0
UDJ,27.0
TKS,27.0
BJI,27.0
BXU,27.0
BBN,27.0
AAB,27.0
GOU,27.0
CNJ,27.0
DHM,27.0
RKD,27.0
JHS,27.0
KMQ,27.0
NYM,27.0
KMI,27.0
RMF,27.0
LPP,27.0
SRZ,27.0
KUK,27.0
OSY,27.0
LBE,27.0
NAA,27.0
RSD,27.0
ERZ,27.0
HOM,27.0
RBR,27.0
KTE,27.0
CPD,27.0
MSJ,27.0
DIE,24.0
EKO,22.0
ACH,22.0
BTS,22.0
LAR,20.0
PQS,20.0
TSF,20.0
PUB,20.0
OGX,20.0
WTL,20.0
YZR,20.0
EIN,20.0
HCR,20.0
FNJ,20.0
YWH,20.0
AUG,20.0
KRF,20.0
VOL,20.0
MGW,20.0
NRK,20.0
BFF,20.0
OXB,20.0
HGR,20.0
HYS,20.0
TMR,20.0
XFN,20.0
MMH,20.0
XRF,20.0
GHB,20.0
YKU,20.0
GGW,20.0
CMF,20.0
CSY,20.0
AGB,20.0
SVA,20.0
YPR,20.0
YPX,20.0
KIJ,20.0
LKL,20.0
JBR,20.0
RIB,20.0
ALO,20.0
QJZ,20.0
XQP,20.0
GRV,20.0
MNG,20.0
PYH,20.0
CIJ,20.0
PVC,20.0
CIU,20.0
LUH,19.0
ZVK,19.0
SOM,19.0
PSR,19.0
WBM,19.0
IBA,19.0
SKU,19.0
YMO,19.0
YGW,19.0
HOF,18.0
QUB,18.0
MEI,18.0
HMV,18.0
PJG,18.0
QUO,18.0
BKW,18.0
PNT,18.0
VEL,18.0
HKD,18.0
UNG,18.0
PLX,18.0
GMR,18.0
KUT,18.0
MCN,18.0
PQC,18.0
QDU,18.0
PNK,18.0
BEB,18.0
MIM,18.0
BDJ,18.0
NSK,18.0
NGY,18.0
MMU,18.0
APN,18.0
XQE,18.0
NDU,18.0
NCY,18.0
NAJ,18.0
YQK,18.0
AOO,18.0
JSY,18.0
MSE,18.0
YOJ,18.0
AOJ,18.0
YIP,18.0
MXZ,18.0
KGT,18.0
MSS,18.0
XHJ,18.0
NYT,18.0
HPH,18.0
KMS,18.0
YXL,18.0
PDT,18.0
PDS,18.0
HUU,18.0
PAG,18.0
YWL,18.0
IAM,18.0
OSW,18.0
UKX,18.0
YVQ,18.0
YUY,18.0
WNP,18.0
KOZ,18.0
OMD,18.0
WRG,18.0
INC,18.0
MKM,18.0
MCK,18.0
EQS,18.0
MAJ,18.0
FSP,18.0
ROP,18.0
DND,18.0
SCV,18.0
DMB,18.0
KWG,18.0
RSA,18.0
SCM,18.0
DCN,18.0
SCC,18.0
TNN,18.0
DDG,18.0
SMX,18.0
LRE,18.0
LYA,18.0
CFN,18.0
BTK,18.0
DIJ,18.0
BUA,18.0
SLM,18.0
SLI,18.0
SKZ,18.0
ROO,18.0
ZVJ,18.0
EJH,18.0
BZO,18.0
UKA,18.0
GGG,18.0
RDD,18.0
GFN,18.0
CNM,18.0
SHD,18.0
COQ,18.0
YYQ,18.0
TBG,18.0
ZYN,18.0
TRO,18.0
CTC,18.0
AAN,18.0
KVX,18.0
LKG,18.0
CXB,18.0
FUT,18.0
KWA,18.0
YHD,17.0
ESU,16.0
JOG,16.0
EZS,16.0
SLU,14.0
SKK,10.0
TMX,10.0
CDV,10.0
AWZ,10.0
WWK,10.0
WUS,10.0
YUD,10.0
GJL,10.0
IWK,10.0
NOJ,10.0
NOC,10.0
CHU,10.0
SOC,10.0
ZSE,10.0
TGM,10.0
XZI,10.0
LPK,10.0
JOS,10.0
CXJ,10.0
CMG,10.0
MSL,10.0
SZA,10.0
MSZ,10.0
ORU,10.0
ILD,10.0
HET,10.0
HSN,10.0
BFD,10.0
YZZ,10.0
TUB,10.0
VVZ,9.0
PSG,9.0
KKE,9.0
CYZ,9.0
JQA,9.0
YZP,9.0
JNX,9.0
BQB,9.0
NDB,9.0
HFS,9.0
RSU,9.0
KWN,9.0
KZR,9.0
TIM,9.0
SMK,9.0
UUA,9.0
CUM,9.0
UTP,9.0
CTL,9.0
YMT,9.0
RGS,9.0
GDE,9.0
CNY,9.0
KAD,9.0
PZU,9.0
COD,9.0
MXX,9.0
KVL,9.0
PZH,9.0
YIH,9.0
BJF,9.0
YHO,9.0
CRI,9.0
GCK,9.0
YGX,9.0
UAK,9.0
KUH,9.0
ZSA,9.0
TIU,9.0
PED,9.0
ERC,9.0
DLZ,9.0
MKG,9.0
AKF,9.0
HUE,9.0
CEC,9.0
PBG,9.0
KSQ,9.0
ORB,9.0
HYN,9.0
SDN,9.0
AXA,9.0
EGC,9.0
DVL,9.0
DZN,9.0
OSR,9.0
DWD,9.0
BUL,9.0
KGP,9.0
MLW,9.0
JAV,9.0
TIZ,9.0
ERS,9.0
HOB,9.0
ISE,9.0
KPO,7.0
STM,6.0
LUG,5.0
YGR,1.0
MPN,0.0
YNZ,0.0
LUM,0.0
YRL,0.0
MCE,0.0
KTL,0.0
LRR,0.0
ZHA,0.0
LXG,0.0
LUD,0.0
MDL,0.0
ZLN,0.0
YXN,0.0
MJN,0.0
LSA,0.0
ABR,0.0
YYU,0.0
AGM,0.0
KUS,0.0
ABK,0.0
LYG,0.0
KUN,0.0
KLX,0.0
AKY,0.0
ALP,0.0
BAL,0.0
MSR,0.0
HVG,0.0
FSZ,0.0
FUN,0.0
RJK,0.0
UAH,0.0
BND,0.0
RIL,0.0
RHD,0.0
UKB,0.0
ULH,0.0
GLH,0.0
UYU,0.0
GWL,0.0
VCT,0.0
HLD,0.0
PGA,0.0
VLV,0.0
HSL,0.0
BRL,0.0
SAB,0.0
BTH,0.0
DIG,0.0
CWC,0.0
CXI,0.0
CJJ,0.0
CZX,0.0
SPP,0.0
TGR,0.0
SNE,0.0
CED,0.0
BUN,0.0
SJW,0.0
SHP,0.0
CBG,0.0
DYG,0.0
EGM,0.0
SDP,0.0
ELD,0.0
OZC,0.0
HJJ,0.0
IRJ,0.0
IPN,0.0
NTG,0.0
OHH,0.0
MWA,0.0
WUA,0.0
OIA,0.0
JIK,0.0
ILY,0.0
KAC,0.0
YHY,0.0
XOP,0.0
WMN,0.0
ATY,0.0
JTC,0.0
IGD,0.0
XPJ,0.0
AXP,0.0
YGJ,0.0
YEV,0.0
XZZ,0.0
IPH,0.0
TUI,-1.0
KMJ,-2.0
YQL,-5.0
RRG,-5.0
XJY,-7.0
DPL,-8.0
OSK,-9.0
SUG,-9.0
JSI,-9.0
JMU,-9.0
LBL,-10.0
YOP,-10.0
MGF,-10.0
TUG,-11.0
HRI,-18.0
IFN,-18.0
BER,-18.0
BAV,-18.0
FLA,-18.0
YRB,-18.0
HDG,-18.0
YCU,-18.0
CPQ,-20.0
LEN,-20.0
TAG,-20.0
YAY,-20.0
VDM,-20.0
XUZ,-20.0
LBF,-20.0
KSN,-24.0
RXS,-27.0
CGD,-30.0
KKJ,-36.0
KUU,-36.0
XNN,-42.0
FLW,-45.0
CXR,-54.0
MUA,-54.0
SDJ,-63.0
MYJ,-72.0
UPG,-81.0
XWG,-81.0
MZV,-315.0
AYQ,-1287.0
SG,
